[
  {"id": "new-york-us", "name": "New York", "country": "United States", "countryCode": "US", "display": "New York, United States"},
  {"id": "los-angeles-us", "name": "Los Angeles", "country": "United States", "countryCode": "US", "display": "Los Angeles, United States"},
  {"id": "chicago-us", "name": "Chicago", "country": "United States", "countryCode": "US", "display": "Chicago, United States"},
  {"id": "miami-us", "name": "Miami", "country": "United States", "countryCode": "US", "display": "Miami, United States"},
  {"id": "san-francisco-us", "name": "San Francisco", "country": "United States", "countryCode": "US", "display": "San Francisco, United States"},
  {"id": "london-uk", "name": "London", "country": "United Kingdom", "countryCode": "UK", "display": "London, United Kingdom"},
  {"id": "paris-fr", "name": "Paris", "country": "France", "countryCode": "FR", "display": "Paris, France"},
  {"id": "barcelona-es", "name": "Barcelona", "country": "Spain", "countryCode": "ES", "display": "Barcelona, España"},
  {"id": "madrid-es", "name": "Madrid", "country": "Spain", "countryCode": "ES", "display": "Madrid, España"},
  {"id": "rome-it", "name": "Rome", "country": "Italy", "countryCode": "IT", "display": "Rome, Italy"},
  {"id": "milan-it", "name": "Milan", "country": "Italy", "countryCode": "IT", "display": "Milan, Italy"},
  {"id": "amsterdam-nl", "name": "Amsterdam", "country": "Netherlands", "countryCode": "NL", "display": "Amsterdam, Netherlands"},
  {"id": "berlin-de", "name": "Berlin", "country": "Germany", "countryCode": "DE", "display": "Berlin, Germany"},
  {"id": "munich-de", "name": "Munich", "country": "Germany", "countryCode": "DE", "display": "Munich, Germany"},
  {"id": "tokyo-jp", "name": "Tokyo", "country": "Japan", "countryCode": "JP", "display": "Tokyo, Japan"},
  {"id": "osaka-jp", "name": "Osaka", "country": "Japan", "countryCode": "JP", "display": "Osaka, Japan"},
  {"id": "kyoto-jp", "name": "Kyoto", "country": "Japan", "countryCode": "JP", "display": "Kyoto, Japan"},
  {"id": "seoul-kr", "name": "Seoul", "country": "South Korea", "countryCode": "KR", "display": "Seoul, South Korea"},
  {"id": "bangkok-th", "name": "Bangkok", "country": "Thailand", "countryCode": "TH", "display": "Bangkok, Thailand"},
  {"id": "singapore-sg", "name": "Singapore", "country": "Singapore", "countryCode": "SG", "display": "Singapore"},
  {"id": "hong-kong-hk", "name": "Hong Kong", "country": "Hong Kong", "countryCode": "HK", "display": "Hong Kong"},
  {"id": "dubai-ae", "name": "Dubai", "country": "United Arab Emirates", "countryCode": "AE", "display": "Dubai, UAE"},
  {"id": "sydney-au", "name": "Sydney", "country": "Australia", "countryCode": "AU", "display": "Sydney, Australia"},
  {"id": "melbourne-au", "name": "Melbourne", "country": "Australia", "countryCode": "AU", "display": "Melbourne, Australia"},
  {"id": "mexico-city-mx", "name": "Mexico City", "country": "Mexico", "countryCode": "MX", "display": "Mexico City, México"},
  {"id": "cancun-mx", "name": "Cancún", "country": "Mexico", "countryCode": "MX", "display": "Cancún, México"},
  {"id": "santiago-cl", "name": "Santiago", "country": "Chile", "countryCode": "CL", "display": "Santiago, Chile"},
  {"id": "buenos-aires-ar", "name": "Buenos Aires", "country": "Argentina", "countryCode": "AR", "display": "Buenos Aires, Argentina"},
  {"id": "lima-pe", "name": "Lima", "country": "Peru", "countryCode": "PE", "display": "Lima, Perú"},
  {"id": "bogota-co", "name": "Bogotá", "country": "Colombia", "countryCode": "CO", "display": "Bogotá, Colombia"},
  {"id": "rio-de-janeiro-br", "name": "Rio de Janeiro", "country": "Brazil", "countryCode": "BR", "display": "Rio de Janeiro, Brazil"},
  {"id": "sao-paulo-br", "name": "São Paulo", "country": "Brazil", "countryCode": "BR", "display": "São Paulo, Brazil"},
  {"id": "toronto-ca", "name": "Toronto", "country": "Canada", "countryCode": "CA", "display": "Toronto, Canada"},
  {"id": "vancouver-ca", "name": "Vancouver", "country": "Canada", "countryCode": "CA", "display": "Vancouver, Canada"},
  {"id": "montreal-ca", "name": "Montreal", "country": "Canada", "countryCode": "CA", "display": "Montreal, Canada"},
  {"id": "lisbon-pt", "name": "Lisbon", "country": "Portugal", "countryCode": "PT", "display": "Lisbon, Portugal"},
  {"id": "athens-gr", "name": "Athens", "country": "Greece", "countryCode": "GR", "display": "Athens, Greece"},
  {"id": "istanbul-tr", "name": "Istanbul", "country": "Turkey", "countryCode": "TR", "display": "Istanbul, Turkey"},
  {"id": "prague-cz", "name": "Prague", "country": "Czech Republic", "countryCode": "CZ", "display": "Prague, Czech Republic"},
  {"id": "vienna-at", "name": "Vienna", "country": "Austria", "countryCode": "AT", "display": "Vienna, Austria"},
  {"id": "copenhagen-dk", "name": "Copenhagen", "country": "Denmark", "countryCode": "DK", "display": "Copenhagen, Denmark"},
  {"id": "stockholm-se", "name": "Stockholm", "country": "Sweden", "countryCode": "SE", "display": "Stockholm, Sweden"},
  {"id": "oslo-no", "name": "Oslo", "country": "Norway", "countryCode": "NO", "display": "Oslo, Norway"},
  {"id": "dublin-ie", "name": "Dublin", "country": "Ireland", "countryCode": "IE", "display": "Dublin, Ireland"},
  {"id": "edinburgh-uk", "name": "Edinburgh", "country": "United Kingdom", "countryCode": "UK", "display": "Edinburgh, UK"},
  {"id": "zurich-ch", "name": "Zurich", "country": "Switzerland", "countryCode": "CH", "display": "Zurich, Switzerland"},
  {"id": "brussels-be", "name": "Brussels", "country": "Belgium", "countryCode": "BE", "display": "Brussels, Belgium"},
  {"id": "warsaw-pl", "name": "Warsaw", "country": "Poland", "countryCode": "PL", "display": "Warsaw, Poland"},
  {"id": "budapest-hu", "name": "Budapest", "country": "Hungary", "countryCode": "HU", "display": "Budapest, Hungary"},
  {"id": "cairo-eg", "name": "Cairo", "country": "Egypt", "countryCode": "EG", "display": "Cairo, Egypt"},
  {"id": "marrakech-ma", "name": "Marrakech", "country": "Morocco", "countryCode": "MA", "display": "Marrakech, Morocco"},
  {"id": "cape-town-za", "name": "Cape Town", "country": "South Africa", "countryCode": "ZA", "display": "Cape Town, South Africa"},
  {"id": "mumbai-in", "name": "Mumbai", "country": "India", "countryCode": "IN", "display": "Mumbai, India"},
  {"id": "delhi-in", "name": "Delhi", "country": "India", "countryCode": "IN", "display": "Delhi, India"},
  {"id": "bali-id", "name": "Bali", "country": "Indonesia", "countryCode": "ID", "display": "Bali, Indonesia"},
  {"id": "phuket-th", "name": "Phuket", "country": "Thailand", "countryCode": "TH", "display": "Phuket, Thailand"},
  {"id": "hanoi-vn", "name": "Hanoi", "country": "Vietnam", "countryCode": "VN", "display": "Hanoi, Vietnam"},
  {"id": "ho-chi-minh-vn", "name": "Ho Chi Minh City", "country": "Vietnam", "countryCode": "VN", "display": "Ho Chi Minh City, Vietnam"},
  {"id": "manila-ph", "name": "Manila", "country": "Philippines", "countryCode": "PH", "display": "Manila, Philippines"},
  {"id": "shanghai-cn", "name": "Shanghai", "country": "China", "countryCode": "CN", "display": "Shanghai, China"},
  {"id": "beijing-cn", "name": "Beijing", "country": "China", "countryCode": "CN", "display": "Beijing, China"},
  {"id": "kuala-lumpur-my", "name": "Kuala Lumpur", "country": "Malaysia", "countryCode": "MY", "display": "Kuala Lumpur, Malaysia"},
  {"id": "tel-aviv-il", "name": "Tel Aviv", "country": "Israel", "countryCode": "IL", "display": "Tel Aviv, Israel"},
  {"id": "reykjavik-is", "name": "Reykjavik", "country": "Iceland", "countryCode": "IS", "display": "Reykjavik, Iceland"},
  {"id": "auckland-nz", "name": "Auckland", "country": "New Zealand", "countryCode": "NZ", "display": "Auckland, New Zealand"}
]
